portfolio_run_id,gate_threshold,max_assets,high_corr_scale,execution_delay_bars,latency_lookback_bars,total_trades,gated_signals_count,gated_cluster_window_count,portfolio_net_pnl,portfolio_profit_factor
portfolio_fea9da1e5fe2,0.7,1,0.25,0,0,11,4,0,-10.319065136644944,0.5419838928218692
portfolio_f89e0dd768b2,0.7,1,0.25,0,1,11,4,0,-10.319065136644944,0.5419838928218692
portfolio_592e34a9f5e9,0.7,1,0.25,0,2,11,4,0,-10.319065136644944,0.5419838928218692
portfolio_188b78f154e8,0.7,1,0.25,1,0,11,4,0,-22.15498650555093,0.16701487006174648
portfolio_dfb51b92ed03,0.7,1,0.25,1,1,11,4,0,-22.15498650555093,0.16701487006174648
portfolio_eb3114d41dcb,0.7,1,0.25,1,2,11,4,0,-22.15498650555093,0.16701487006174648
portfolio_1cd589af7312,0.7,1,0.25,2,0,11,4,0,-33.706652719036434,0.08964306473430372
portfolio_ac98c87f7eca,0.7,1,0.25,2,1,11,4,0,-33.706652719036434,0.08964306473430372
portfolio_d61f0e677201,0.7,1,0.25,2,2,11,4,0,-33.706652719036434,0.08964306473430372
portfolio_d228608e8053,0.7,1,0.4,0,0,11,4,0,-10.319065136644944,0.5419838928218692
portfolio_32fa65791f77,0.7,1,0.4,0,1,11,4,0,-10.319065136644944,0.5419838928218692
portfolio_71e001611a4e,0.7,1,0.4,0,2,11,4,0,-10.319065136644944,0.5419838928218692
portfolio_c8d593a70ae7,0.7,1,0.4,1,0,11,4,0,-22.15498650555093,0.16701487006174648
portfolio_b5f7a0eaac43,0.7,1,0.4,1,1,11,4,0,-22.15498650555093,0.16701487006174648
portfolio_dfce29968394,0.7,1,0.4,1,2,11,4,0,-22.15498650555093,0.16701487006174648
portfolio_fbf0c1211a40,0.7,1,0.4,2,0,11,4,0,-33.706652719036434,0.08964306473430372
portfolio_ada916228d28,0.7,1,0.4,2,1,11,4,0,-33.706652719036434,0.08964306473430372
portfolio_8db630a9fda2,0.7,1,0.4,2,2,11,4,0,-33.706652719036434,0.08964306473430372
portfolio_c56e201db074,0.7,1,0.5,0,0,11,4,0,-10.319065136644944,0.5419838928218692
portfolio_6e7724e57922,0.7,1,0.5,0,1,11,4,0,-10.319065136644944,0.5419838928218692
portfolio_9aaba3dc7bd7,0.7,1,0.5,0,2,11,4,0,-10.319065136644944,0.5419838928218692
portfolio_8abcb5b91b4c,0.7,1,0.5,1,0,11,4,0,-22.15498650555093,0.16701487006174648
portfolio_9c9b4aaa6ee8,0.7,1,0.5,1,1,11,4,0,-22.15498650555093,0.16701487006174648
portfolio_f3a18acf8ca7,0.7,1,0.5,1,2,11,4,0,-22.15498650555093,0.16701487006174648
portfolio_02f246cdb4db,0.7,1,0.5,2,0,11,4,0,-33.706652719036434,0.08964306473430372
portfolio_4e94a5123dbf,0.7,1,0.5,2,1,11,4,0,-33.706652719036434,0.08964306473430372
portfolio_b32c202222c9,0.7,1,0.5,2,2,11,4,0,-33.706652719036434,0.08964306473430372
portfolio_c31eb291e9f5,0.7,1,0.6,0,0,11,4,0,-10.319065136644944,0.5419838928218692
portfolio_f0df25a68a1b,0.7,1,0.6,0,1,11,4,0,-10.319065136644944,0.5419838928218692
portfolio_76959b764dc1,0.7,1,0.6,0,2,11,4,0,-10.319065136644944,0.5419838928218692
portfolio_5b5d4cb7abda,0.7,1,0.6,1,0,11,4,0,-22.15498650555093,0.16701487006174648
portfolio_da06fb2fe201,0.7,1,0.6,1,1,11,4,0,-22.15498650555093,0.16701487006174648
portfolio_d243501c384b,0.7,1,0.6,1,2,11,4,0,-22.15498650555093,0.16701487006174648
portfolio_123ade1a7931,0.7,1,0.6,2,0,11,4,0,-33.706652719036434,0.08964306473430372
portfolio_6e26d071b1be,0.7,1,0.6,2,1,11,4,0,-33.706652719036434,0.08964306473430372
portfolio_1b0fc4e3d081,0.7,1,0.6,2,2,11,4,0,-33.706652719036434,0.08964306473430372
portfolio_46a86045e248,0.7,2,0.25,0,0,15,3,0,-8.730483028485855,0.7042586538378387
portfolio_5d5fd35641e9,0.7,2,0.25,0,1,14,4,1,-11.251900679266084,0.6188467186853679
portfolio_886885789318,0.7,2,0.25,0,2,13,6,3,-17.309818735022148,0.4136373580000774
portfolio_d1861c72bdf0,0.7,2,0.25,1,0,18,0,0,-30.021457100808522,0.3013422399469477
portfolio_3c9e749aa443,0.7,2,0.25,1,1,17,1,1,-32.92374222550637,0.23380041419718808
portfolio_54ed370e54ae,0.7,2,0.25,1,2,16,3,3,-38.110492554129436,0.11309463518113114
portfolio_71a7a0e95580,0.7,2,0.25,2,0,18,0,0,-47.80235033396764,0.12923862936668454
portfolio_931c05bafe23,0.7,2,0.25,2,1,17,1,1,-50.32257167469791,0.08333060656818547
portfolio_4f4eef67bb11,0.7,2,0.25,2,2,16,3,3,-51.444301039916006,0.06289733095071291
portfolio_b1644ea99bb2,0.7,2,0.4,0,0,15,3,0,-8.730483028485855,0.7042586538378387
portfolio_08d1463bdce5,0.7,2,0.4,0,1,14,4,1,-11.251900679266084,0.6188467186853679
portfolio_642a3b4a30da,0.7,2,0.4,0,2,13,6,3,-17.309818735022148,0.4136373580000774
portfolio_fcb1cb80353b,0.7,2,0.4,1,0,18,0,0,-30.021457100808522,0.3013422399469477
portfolio_e4bc6037b6b4,0.7,2,0.4,1,1,17,1,1,-32.92374222550637,0.23380041419718808
portfolio_c77164e2a84c,0.7,2,0.4,1,2,16,3,3,-38.110492554129436,0.11309463518113114
portfolio_77db8f29562a,0.7,2,0.4,2,0,18,0,0,-47.80235033396764,0.12923862936668454
portfolio_bd583b04879d,0.7,2,0.4,2,1,17,1,1,-50.32257167469791,0.08333060656818547
portfolio_3ac94a6c80b8,0.7,2,0.4,2,2,16,3,3,-51.444301039916006,0.06289733095071291
portfolio_a147077567a1,0.7,2,0.5,0,0,15,3,0,-8.730483028485855,0.7042586538378387
portfolio_37e4845d7a28,0.7,2,0.5,0,1,14,4,1,-11.251900679266084,0.6188467186853679
portfolio_08cc9c5dc38b,0.7,2,0.5,0,2,13,6,3,-17.309818735022148,0.4136373580000774
portfolio_4d2f2e527dcd,0.7,2,0.5,1,0,18,0,0,-30.021457100808522,0.3013422399469477
portfolio_d9e46476524b,0.7,2,0.5,1,1,17,1,1,-32.92374222550637,0.23380041419718808
portfolio_fcf1b927ced5,0.7,2,0.5,1,2,16,3,3,-38.110492554129436,0.11309463518113114
portfolio_2fe1b7351b67,0.7,2,0.5,2,0,18,0,0,-47.80235033396764,0.12923862936668454
portfolio_f070f2a57ef8,0.7,2,0.5,2,1,17,1,1,-50.32257167469791,0.08333060656818547
portfolio_88aec80fa4c2,0.7,2,0.5,2,2,16,3,3,-51.444301039916006,0.06289733095071291
portfolio_6640ee54bbec,0.7,2,0.6,0,0,15,3,0,-8.730483028485855,0.7042586538378387
portfolio_efcd99209cf3,0.7,2,0.6,0,1,14,4,1,-11.251900679266084,0.6188467186853679
portfolio_cbd36bcd47fa,0.7,2,0.6,0,2,13,6,3,-17.309818735022148,0.4136373580000774
portfolio_44a0f5330043,0.7,2,0.6,1,0,18,0,0,-30.021457100808522,0.3013422399469477
portfolio_37b9e16eb25b,0.7,2,0.6,1,1,17,1,1,-32.92374222550637,0.23380041419718808
portfolio_258ca36bfa5c,0.7,2,0.6,1,2,16,3,3,-38.110492554129436,0.11309463518113114
portfolio_061e7bd96353,0.7,2,0.6,2,0,18,0,0,-47.80235033396764,0.12923862936668454
portfolio_a7175568b183,0.7,2,0.6,2,1,17,1,1,-50.32257167469791,0.08333060656818547
portfolio_b6b74f3eea14,0.7,2,0.6,2,2,16,3,3,-51.444301039916006,0.06289733095071291
portfolio_f95f86bc3f20,0.75,1,0.25,0,0,11,4,0,-10.319065136644944,0.5419838928218692
portfolio_f6329294de09,0.75,1,0.25,0,1,11,4,0,-10.319065136644944,0.5419838928218692
portfolio_f46490245dd8,0.75,1,0.25,0,2,11,4,0,-10.319065136644944,0.5419838928218692
portfolio_2467d475126d,0.75,1,0.25,1,0,11,4,0,-22.15498650555093,0.16701487006174648
portfolio_ede546059266,0.75,1,0.25,1,1,11,4,0,-22.15498650555093,0.16701487006174648
portfolio_b69e431246f6,0.75,1,0.25,1,2,11,4,0,-22.15498650555093,0.16701487006174648
portfolio_de4b65e0db48,0.75,1,0.25,2,0,11,4,0,-33.706652719036434,0.08964306473430372
portfolio_269711d1c6e9,0.75,1,0.25,2,1,11,4,0,-33.706652719036434,0.08964306473430372
portfolio_765274d573fa,0.75,1,0.25,2,2,11,4,0,-33.706652719036434,0.08964306473430372
portfolio_150d177751bf,0.75,1,0.4,0,0,11,4,0,-10.319065136644944,0.5419838928218692
portfolio_cea1df6dd08c,0.75,1,0.4,0,1,11,4,0,-10.319065136644944,0.5419838928218692
portfolio_90abeb214809,0.75,1,0.4,0,2,11,4,0,-10.319065136644944,0.5419838928218692
portfolio_059637234041,0.75,1,0.4,1,0,11,4,0,-22.15498650555093,0.16701487006174648
portfolio_a71fc446c551,0.75,1,0.4,1,1,11,4,0,-22.15498650555093,0.16701487006174648
portfolio_a49621b91613,0.75,1,0.4,1,2,11,4,0,-22.15498650555093,0.16701487006174648
portfolio_5508a41f0e9f,0.75,1,0.4,2,0,11,4,0,-33.706652719036434,0.08964306473430372
portfolio_35420f4eb3a1,0.75,1,0.4,2,1,11,4,0,-33.706652719036434,0.08964306473430372
portfolio_1ae8985aa1cc,0.75,1,0.4,2,2,11,4,0,-33.706652719036434,0.08964306473430372
portfolio_4271d80ebb59,0.75,1,0.5,0,0,11,4,0,-10.319065136644944,0.5419838928218692
portfolio_3d19aa96260e,0.75,1,0.5,0,1,11,4,0,-10.319065136644944,0.5419838928218692
portfolio_e758ec77db54,0.75,1,0.5,0,2,11,4,0,-10.319065136644944,0.5419838928218692
portfolio_9eecc1be2403,0.75,1,0.5,1,0,11,4,0,-22.15498650555093,0.16701487006174648
portfolio_0445eb5c0b97,0.75,1,0.5,1,1,11,4,0,-22.15498650555093,0.16701487006174648
portfolio_7188eb607e06,0.75,1,0.5,1,2,11,4,0,-22.15498650555093,0.16701487006174648
portfolio_8f0262c958cf,0.75,1,0.5,2,0,11,4,0,-33.706652719036434,0.08964306473430372
portfolio_b59da3476dcb,0.75,1,0.5,2,1,11,4,0,-33.706652719036434,0.08964306473430372
portfolio_5854670c8ee3,0.75,1,0.5,2,2,11,4,0,-33.706652719036434,0.08964306473430372
portfolio_2f7584f471e0,0.75,1,0.6,0,0,11,4,0,-10.319065136644944,0.5419838928218692
portfolio_cbcf5ce2cc9c,0.75,1,0.6,0,1,11,4,0,-10.319065136644944,0.5419838928218692
portfolio_ae02ec50c254,0.75,1,0.6,0,2,11,4,0,-10.319065136644944,0.5419838928218692
portfolio_3dc5f973ce74,0.75,1,0.6,1,0,11,4,0,-22.15498650555093,0.16701487006174648
portfolio_794e437e0c1c,0.75,1,0.6,1,1,11,4,0,-22.15498650555093,0.16701487006174648
portfolio_c8fa5e848d99,0.75,1,0.6,1,2,11,4,0,-22.15498650555093,0.16701487006174648
portfolio_030b105200ad,0.75,1,0.6,2,0,11,4,0,-33.706652719036434,0.08964306473430372
portfolio_12d20884de84,0.75,1,0.6,2,1,11,4,0,-33.706652719036434,0.08964306473430372
portfolio_fd3873d01a7f,0.75,1,0.6,2,2,11,4,0,-33.706652719036434,0.08964306473430372
portfolio_e4503723ae48,0.75,2,0.25,0,0,16,2,0,-8.113072764287132,0.725173160179893
portfolio_016e22d91dd0,0.75,2,0.25,0,1,15,3,1,-10.634490415067363,0.6397612250274223
portfolio_9aa916b86b15,0.75,2,0.25,0,2,14,5,3,-16.692408470823427,0.4345518643421318
portfolio_4cb951149c65,0.75,2,0.25,1,0,18,0,0,-30.021457100808522,0.3013422399469477
portfolio_2fc33b8954cb,0.75,2,0.25,1,1,17,1,1,-32.92374222550637,0.23380041419718808
portfolio_43a899069c07,0.75,2,0.25,1,2,16,3,3,-38.110492554129436,0.11309463518113114
portfolio_48802ba8eaa1,0.75,2,0.25,2,0,18,0,0,-47.80235033396764,0.12923862936668454
portfolio_10f75228f04f,0.75,2,0.25,2,1,17,1,1,-50.32257167469791,0.08333060656818547
portfolio_33ecb11d78e8,0.75,2,0.25,2,2,16,3,3,-51.444301039916006,0.06289733095071291
portfolio_db2c8ce72ca8,0.75,2,0.4,0,0,16,2,0,-8.113072764287132,0.725173160179893
portfolio_e4e2006af3d7,0.75,2,0.4,0,1,15,3,1,-10.634490415067363,0.6397612250274223
portfolio_509d6097333e,0.75,2,0.4,0,2,14,5,3,-16.692408470823427,0.4345518643421318
portfolio_900bacea8005,0.75,2,0.4,1,0,18,0,0,-30.021457100808522,0.3013422399469477
portfolio_8b1e612f16dd,0.75,2,0.4,1,1,17,1,1,-32.92374222550637,0.23380041419718808
portfolio_c94e30282858,0.75,2,0.4,1,2,16,3,3,-38.110492554129436,0.11309463518113114
portfolio_b4b2ecd40fb0,0.75,2,0.4,2,0,18,0,0,-47.80235033396764,0.12923862936668454
portfolio_f5496e6e7ab5,0.75,2,0.4,2,1,17,1,1,-50.32257167469791,0.08333060656818547
portfolio_29269fa490a5,0.75,2,0.4,2,2,16,3,3,-51.444301039916006,0.06289733095071291
portfolio_0fec7b5e31e0,0.75,2,0.5,0,0,16,2,0,-8.113072764287132,0.725173160179893
portfolio_e6acbd2b6908,0.75,2,0.5,0,1,15,3,1,-10.634490415067363,0.6397612250274223
portfolio_c7f97ff3d313,0.75,2,0.5,0,2,14,5,3,-16.692408470823427,0.4345518643421318
portfolio_8053dc8da217,0.75,2,0.5,1,0,18,0,0,-30.021457100808522,0.3013422399469477
portfolio_b27841ad54f4,0.75,2,0.5,1,1,17,1,1,-32.92374222550637,0.23380041419718808
portfolio_f4d4a579728f,0.75,2,0.5,1,2,16,3,3,-38.110492554129436,0.11309463518113114
portfolio_8d03bea6a976,0.75,2,0.5,2,0,18,0,0,-47.80235033396764,0.12923862936668454
portfolio_c696bd89e88f,0.75,2,0.5,2,1,17,1,1,-50.32257167469791,0.08333060656818547
portfolio_aaff060af9dc,0.75,2,0.5,2,2,16,3,3,-51.444301039916006,0.06289733095071291
portfolio_e0e250052219,0.75,2,0.6,0,0,16,2,0,-8.113072764287132,0.725173160179893
portfolio_c70b3daa6cfe,0.75,2,0.6,0,1,15,3,1,-10.634490415067363,0.6397612250274223
portfolio_1c07dcf375ba,0.75,2,0.6,0,2,14,5,3,-16.692408470823427,0.4345518643421318
portfolio_214b5ffeb997,0.75,2,0.6,1,0,18,0,0,-30.021457100808522,0.3013422399469477
portfolio_c13cc8d2f0f2,0.75,2,0.6,1,1,17,1,1,-32.92374222550637,0.23380041419718808
portfolio_de438ea9d442,0.75,2,0.6,1,2,16,3,3,-38.110492554129436,0.11309463518113114
portfolio_db69ef752c6b,0.75,2,0.6,2,0,18,0,0,-47.80235033396764,0.12923862936668454
portfolio_f7b7bea4341f,0.75,2,0.6,2,1,17,1,1,-50.32257167469791,0.08333060656818547
portfolio_8ac642759fd9,0.75,2,0.6,2,2,16,3,3,-51.444301039916006,0.06289733095071291
portfolio_8dd1b4b80b9f,0.8,1,0.25,0,0,11,4,0,-10.319065136644944,0.5419838928218692
portfolio_4274b69f8b22,0.8,1,0.25,0,1,11,4,0,-10.319065136644944,0.5419838928218692
portfolio_05f798be52e2,0.8,1,0.25,0,2,11,4,0,-10.319065136644944,0.5419838928218692
portfolio_2d9e33e80a4b,0.8,1,0.25,1,0,11,4,0,-22.15498650555093,0.16701487006174648
portfolio_50c1975a1ca3,0.8,1,0.25,1,1,11,4,0,-22.15498650555093,0.16701487006174648
portfolio_7057092c5df5,0.8,1,0.25,1,2,11,4,0,-22.15498650555093,0.16701487006174648
portfolio_fce1f5fec173,0.8,1,0.25,2,0,11,4,0,-33.706652719036434,0.08964306473430372
portfolio_72bd6064b276,0.8,1,0.25,2,1,11,4,0,-33.706652719036434,0.08964306473430372
portfolio_d71568a30495,0.8,1,0.25,2,2,11,4,0,-33.706652719036434,0.08964306473430372
portfolio_1d07cb6ef84a,0.8,1,0.4,0,0,11,4,0,-10.319065136644944,0.5419838928218692
portfolio_811f9a66a04f,0.8,1,0.4,0,1,11,4,0,-10.319065136644944,0.5419838928218692
portfolio_b10cd0fe6ec1,0.8,1,0.4,0,2,11,4,0,-10.319065136644944,0.5419838928218692
portfolio_b330f01e4c27,0.8,1,0.4,1,0,11,4,0,-22.15498650555093,0.16701487006174648
portfolio_bf9fa2f4fa3f,0.8,1,0.4,1,1,11,4,0,-22.15498650555093,0.16701487006174648
portfolio_5f9f2b3d4a55,0.8,1,0.4,1,2,11,4,0,-22.15498650555093,0.16701487006174648
portfolio_f1e1801e38bf,0.8,1,0.4,2,0,11,4,0,-33.706652719036434,0.08964306473430372
portfolio_e851a7063f4d,0.8,1,0.4,2,1,11,4,0,-33.706652719036434,0.08964306473430372
portfolio_41fd86dc4f55,0.8,1,0.4,2,2,11,4,0,-33.706652719036434,0.08964306473430372
portfolio_59aedb02bd1c,0.8,1,0.5,0,0,11,4,0,-10.319065136644944,0.5419838928218692
portfolio_7fc2a836e5b6,0.8,1,0.5,0,1,11,4,0,-10.319065136644944,0.5419838928218692
portfolio_27be29de2549,0.8,1,0.5,0,2,11,4,0,-10.319065136644944,0.5419838928218692
portfolio_e9266a93229f,0.8,1,0.5,1,0,11,4,0,-22.15498650555093,0.16701487006174648
portfolio_a0eec75a4a55,0.8,1,0.5,1,1,11,4,0,-22.15498650555093,0.16701487006174648
portfolio_7570438938bd,0.8,1,0.5,1,2,11,4,0,-22.15498650555093,0.16701487006174648
portfolio_5e517c2362e2,0.8,1,0.5,2,0,11,4,0,-33.706652719036434,0.08964306473430372
portfolio_5707485d009a,0.8,1,0.5,2,1,11,4,0,-33.706652719036434,0.08964306473430372
portfolio_5e5849446adf,0.8,1,0.5,2,2,11,4,0,-33.706652719036434,0.08964306473430372
portfolio_d83b1f15fd48,0.8,1,0.6,0,0,11,4,0,-10.319065136644944,0.5419838928218692
portfolio_51a86277014d,0.8,1,0.6,0,1,11,4,0,-10.319065136644944,0.5419838928218692
portfolio_28b595ceaf9b,0.8,1,0.6,0,2,11,4,0,-10.319065136644944,0.5419838928218692
portfolio_934cad775ab4,0.8,1,0.6,1,0,11,4,0,-22.15498650555093,0.16701487006174648
portfolio_d77cf9cd136b,0.8,1,0.6,1,1,11,4,0,-22.15498650555093,0.16701487006174648
portfolio_231260305117,0.8,1,0.6,1,2,11,4,0,-22.15498650555093,0.16701487006174648
portfolio_0e18606d9d3d,0.8,1,0.6,2,0,11,4,0,-33.706652719036434,0.08964306473430372
portfolio_5a3bef7bc296,0.8,1,0.6,2,1,11,4,0,-33.706652719036434,0.08964306473430372
portfolio_0c0da68af399,0.8,1,0.6,2,2,11,4,0,-33.706652719036434,0.08964306473430372
portfolio_c0c13991877e,0.8,2,0.25,0,0,17,1,0,-14.475312335356682,0.5965959271302936
portfolio_57962f4aa36a,0.8,2,0.25,0,1,16,2,1,-16.996729986136913,0.5263280029456202
portfolio_4b46d3dd1bd2,0.8,2,0.25,0,2,15,4,3,-23.054648041892975,0.35750340281358367
portfolio_b6f3b51f3a0b,0.8,2,0.25,1,0,18,0,0,-30.021457100808522,0.3013422399469477
portfolio_0b360a2b0ccf,0.8,2,0.25,1,1,17,1,1,-32.92374222550637,0.23380041419718808
portfolio_941721486c78,0.8,2,0.25,1,2,16,3,3,-38.110492554129436,0.11309463518113114
portfolio_84d7876b9b86,0.8,2,0.25,2,0,18,0,0,-47.80235033396764,0.12923862936668454
portfolio_3e9962f65b4e,0.8,2,0.25,2,1,17,1,1,-50.32257167469791,0.08333060656818547
portfolio_c5e3e72de437,0.8,2,0.25,2,2,16,3,3,-51.444301039916006,0.06289733095071291
portfolio_93a5555ee3cd,0.8,2,0.4,0,0,17,1,0,-14.475312335356682,0.5965959271302936
portfolio_e7c513f74af0,0.8,2,0.4,0,1,16,2,1,-16.996729986136913,0.5263280029456202
portfolio_7228a4449e9e,0.8,2,0.4,0,2,15,4,3,-23.054648041892975,0.35750340281358367
portfolio_33906b6fe11c,0.8,2,0.4,1,0,18,0,0,-30.021457100808522,0.3013422399469477
portfolio_06ec9221dffe,0.8,2,0.4,1,1,17,1,1,-32.92374222550637,0.23380041419718808
portfolio_442588cd988a,0.8,2,0.4,1,2,16,3,3,-38.110492554129436,0.11309463518113114
portfolio_d51367259c94,0.8,2,0.4,2,0,18,0,0,-47.80235033396764,0.12923862936668454
portfolio_066d658cd0c9,0.8,2,0.4,2,1,17,1,1,-50.32257167469791,0.08333060656818547
portfolio_316953a56db6,0.8,2,0.4,2,2,16,3,3,-51.444301039916006,0.06289733095071291
portfolio_0d029574bf90,0.8,2,0.5,0,0,17,1,0,-14.475312335356682,0.5965959271302936
portfolio_3a372b4805f4,0.8,2,0.5,0,1,16,2,1,-16.996729986136913,0.5263280029456202
portfolio_fc1185e1f354,0.8,2,0.5,0,2,15,4,3,-23.054648041892975,0.35750340281358367
portfolio_8a8135c7ae8a,0.8,2,0.5,1,0,18,0,0,-30.021457100808522,0.3013422399469477
portfolio_d00440b3490f,0.8,2,0.5,1,1,17,1,1,-32.92374222550637,0.23380041419718808
portfolio_c57e764d6a87,0.8,2,0.5,1,2,16,3,3,-38.110492554129436,0.11309463518113114
portfolio_334d4ada28d1,0.8,2,0.5,2,0,18,0,0,-47.80235033396764,0.12923862936668454
portfolio_b9e2bd564156,0.8,2,0.5,2,1,17,1,1,-50.32257167469791,0.08333060656818547
portfolio_f31f7d5385bb,0.8,2,0.5,2,2,16,3,3,-51.444301039916006,0.06289733095071291
portfolio_19660d37e705,0.8,2,0.6,0,0,17,1,0,-14.475312335356682,0.5965959271302936
portfolio_107b4c5bceb9,0.8,2,0.6,0,1,16,2,1,-16.996729986136913,0.5263280029456202
portfolio_b6588818eec5,0.8,2,0.6,0,2,15,4,3,-23.054648041892975,0.35750340281358367
portfolio_ea62264f9ef4,0.8,2,0.6,1,0,18,0,0,-30.021457100808522,0.3013422399469477
portfolio_a4278b4f68ed,0.8,2,0.6,1,1,17,1,1,-32.92374222550637,0.23380041419718808
portfolio_20f075531ab2,0.8,2,0.6,1,2,16,3,3,-38.110492554129436,0.11309463518113114
portfolio_b1b092b3a1de,0.8,2,0.6,2,0,18,0,0,-47.80235033396764,0.12923862936668454
portfolio_3dd3a2a759cd,0.8,2,0.6,2,1,17,1,1,-50.32257167469791,0.08333060656818547
portfolio_88b4cd845f5a,0.8,2,0.6,2,2,16,3,3,-51.444301039916006,0.06289733095071291
portfolio_7f35f885f2cf,0.85,1,0.25,0,0,11,4,0,-10.319065136644944,0.5419838928218692
portfolio_cb5713841ed6,0.85,1,0.25,0,1,11,4,0,-10.319065136644944,0.5419838928218692
portfolio_d7b21bf255de,0.85,1,0.25,0,2,11,4,0,-10.319065136644944,0.5419838928218692
portfolio_f6261efbf848,0.85,1,0.25,1,0,11,4,0,-22.15498650555093,0.16701487006174648
portfolio_69b5dcc1fbe2,0.85,1,0.25,1,1,11,4,0,-22.15498650555093,0.16701487006174648
portfolio_760a3f43bff4,0.85,1,0.25,1,2,11,4,0,-22.15498650555093,0.16701487006174648
portfolio_9a2eb3442fab,0.85,1,0.25,2,0,11,4,0,-33.706652719036434,0.08964306473430372
portfolio_9c37102ae2fc,0.85,1,0.25,2,1,11,4,0,-33.706652719036434,0.08964306473430372
portfolio_b8d3b54285e7,0.85,1,0.25,2,2,11,4,0,-33.706652719036434,0.08964306473430372
portfolio_bfc4686e97a0,0.85,1,0.4,0,0,11,4,0,-10.319065136644944,0.5419838928218692
portfolio_7c63bf8ee230,0.85,1,0.4,0,1,11,4,0,-10.319065136644944,0.5419838928218692
portfolio_fa08282c5f1e,0.85,1,0.4,0,2,11,4,0,-10.319065136644944,0.5419838928218692
portfolio_50801dd539f8,0.85,1,0.4,1,0,11,4,0,-22.15498650555093,0.16701487006174648
portfolio_e55bdd80eaa9,0.85,1,0.4,1,1,11,4,0,-22.15498650555093,0.16701487006174648
portfolio_00a3c78159cc,0.85,1,0.4,1,2,11,4,0,-22.15498650555093,0.16701487006174648
portfolio_216ca7406781,0.85,1,0.4,2,0,11,4,0,-33.706652719036434,0.08964306473430372
portfolio_61b57e9a02db,0.85,1,0.4,2,1,11,4,0,-33.706652719036434,0.08964306473430372
portfolio_f154dd3c695f,0.85,1,0.4,2,2,11,4,0,-33.706652719036434,0.08964306473430372
portfolio_5c68b8de3044,0.85,1,0.5,0,0,11,4,0,-10.319065136644944,0.5419838928218692
portfolio_cc48395dfa91,0.85,1,0.5,0,1,11,4,0,-10.319065136644944,0.5419838928218692
portfolio_7939e2d8c03f,0.85,1,0.5,0,2,11,4,0,-10.319065136644944,0.5419838928218692
portfolio_68d5efed1e41,0.85,1,0.5,1,0,11,4,0,-22.15498650555093,0.16701487006174648
portfolio_8987373487dc,0.85,1,0.5,1,1,11,4,0,-22.15498650555093,0.16701487006174648
portfolio_1ffeb9c8567b,0.85,1,0.5,1,2,11,4,0,-22.15498650555093,0.16701487006174648
portfolio_e4855aeef35e,0.85,1,0.5,2,0,11,4,0,-33.706652719036434,0.08964306473430372
portfolio_0edf54ab50a0,0.85,1,0.5,2,1,11,4,0,-33.706652719036434,0.08964306473430372
portfolio_e74b68c1b9cf,0.85,1,0.5,2,2,11,4,0,-33.706652719036434,0.08964306473430372
portfolio_7be16514ee79,0.85,1,0.6,0,0,11,4,0,-10.319065136644944,0.5419838928218692
portfolio_9b528045b5e7,0.85,1,0.6,0,1,11,4,0,-10.319065136644944,0.5419838928218692
portfolio_eda0f45e7311,0.85,1,0.6,0,2,11,4,0,-10.319065136644944,0.5419838928218692
portfolio_af2fc329641c,0.85,1,0.6,1,0,11,4,0,-22.15498650555093,0.16701487006174648
portfolio_3b3e635db101,0.85,1,0.6,1,1,11,4,0,-22.15498650555093,0.16701487006174648
portfolio_ae1ab2cc7a3a,0.85,1,0.6,1,2,11,4,0,-22.15498650555093,0.16701487006174648
portfolio_6eb5ee61fe0b,0.85,1,0.6,2,0,11,4,0,-33.706652719036434,0.08964306473430372
portfolio_5a8dd0d77615,0.85,1,0.6,2,1,11,4,0,-33.706652719036434,0.08964306473430372
portfolio_34a1bee9e246,0.85,1,0.6,2,2,11,4,0,-33.706652719036434,0.08964306473430372
portfolio_b2aab0127180,0.85,2,0.25,0,0,18,0,0,-19.90875554856198,0.5181386146660921
portfolio_6a81135443f9,0.85,2,0.25,0,1,17,1,1,-22.43017319934221,0.4571115052997266
portfolio_8f4af32466ef,0.85,2,0.25,0,2,16,3,3,-28.48809125509827,0.31048874028231416
portfolio_7e62148ce69d,0.85,2,0.25,1,0,18,0,0,-30.021457100808522,0.3013422399469477
portfolio_34c5996fe8c8,0.85,2,0.25,1,1,17,1,1,-32.92374222550637,0.23380041419718808
portfolio_e969fc2a816b,0.85,2,0.25,1,2,16,3,3,-38.110492554129436,0.11309463518113114
portfolio_815412dc0483,0.85,2,0.25,2,0,18,0,0,-47.80235033396764,0.12923862936668454
portfolio_5d7b8798aa53,0.85,2,0.25,2,1,17,1,1,-50.32257167469791,0.08333060656818547
portfolio_a5393071147e,0.85,2,0.25,2,2,16,3,3,-51.444301039916006,0.06289733095071291
portfolio_a1290d881105,0.85,2,0.4,0,0,18,0,0,-19.90875554856198,0.5181386146660921
portfolio_cb62acf8d2d3,0.85,2,0.4,0,1,17,1,1,-22.43017319934221,0.4571115052997266
portfolio_2c343f382129,0.85,2,0.4,0,2,16,3,3,-28.48809125509827,0.31048874028231416
portfolio_b767e3313a1c,0.85,2,0.4,1,0,18,0,0,-30.021457100808522,0.3013422399469477
portfolio_177628f0a9e2,0.85,2,0.4,1,1,17,1,1,-32.92374222550637,0.23380041419718808
portfolio_6583f866d7ae,0.85,2,0.4,1,2,16,3,3,-38.110492554129436,0.11309463518113114
portfolio_6ba5ed4e72cc,0.85,2,0.4,2,0,18,0,0,-47.80235033396764,0.12923862936668454
portfolio_b451911ea938,0.85,2,0.4,2,1,17,1,1,-50.32257167469791,0.08333060656818547
portfolio_69795fe8ea9c,0.85,2,0.4,2,2,16,3,3,-51.444301039916006,0.06289733095071291
portfolio_51f7080d04e0,0.85,2,0.5,0,0,18,0,0,-19.90875554856198,0.5181386146660921
portfolio_182496eadfde,0.85,2,0.5,0,1,17,1,1,-22.43017319934221,0.4571115052997266
portfolio_452f5a85edf6,0.85,2,0.5,0,2,16,3,3,-28.48809125509827,0.31048874028231416
portfolio_007802df390f,0.85,2,0.5,1,0,18,0,0,-30.021457100808522,0.3013422399469477
portfolio_5934760afd2d,0.85,2,0.5,1,1,17,1,1,-32.92374222550637,0.23380041419718808
portfolio_d62f9818edb6,0.85,2,0.5,1,2,16,3,3,-38.110492554129436,0.11309463518113114
portfolio_60783d962cf4,0.85,2,0.5,2,0,18,0,0,-47.80235033396764,0.12923862936668454
portfolio_f51377a636a6,0.85,2,0.5,2,1,17,1,1,-50.32257167469791,0.08333060656818547
portfolio_cdf106a89510,0.85,2,0.5,2,2,16,3,3,-51.444301039916006,0.06289733095071291
portfolio_f152bc54790c,0.85,2,0.6,0,0,18,0,0,-19.90875554856198,0.5181386146660921
portfolio_dd35c6dfa41c,0.85,2,0.6,0,1,17,1,1,-22.43017319934221,0.4571115052997266
portfolio_2c2781407f14,0.85,2,0.6,0,2,16,3,3,-28.48809125509827,0.31048874028231416
portfolio_6e10743651b5,0.85,2,0.6,1,0,18,0,0,-30.021457100808522,0.3013422399469477
portfolio_ecca774aada3,0.85,2,0.6,1,1,17,1,1,-32.92374222550637,0.23380041419718808
portfolio_6e872bf01f56,0.85,2,0.6,1,2,16,3,3,-38.110492554129436,0.11309463518113114
portfolio_559be4ffd4d6,0.85,2,0.6,2,0,18,0,0,-47.80235033396764,0.12923862936668454
portfolio_b51886a77d26,0.85,2,0.6,2,1,17,1,1,-50.32257167469791,0.08333060656818547
portfolio_55914a15e420,0.85,2,0.6,2,2,16,3,3,-51.444301039916006,0.06289733095071291
